molregno,canonical_smiles
1,Cc1cc(-n2ncc(=O)[nH]c2=O)ccc1C(=O)c1ccccc1Cl
2,Cc1cc(-n2ncc(=O)[nH]c2=O)ccc1C(=O)c1ccc(C#N)cc1
3,Cc1cc(-n2ncc(=O)[nH]c2=O)cc(C)c1C(O)c1ccc(Cl)cc1
4,Cc1ccc(C(=O)c2ccc(-n3ncc(=O)[nH]c3=O)cc2)cc1
5,Cc1cc(-n2ncc(=O)[nH]c2=O)ccc1C(=O)c1ccc(Cl)cc1
6,Cc1cc(-n2ncc(=O)[nH]c2=O)ccc1C(=O)c1ccccc1
7,Cc1cc(Br)ccc1C(=O)c1ccc(-n2ncc(=O)[nH]c2=O)cc1Cl
8,O=C(c1ccc(Cl)cc1Cl)c1ccc(-n2ncc(=O)[nH]c2=O)cc1Cl
9,CS(=O)(=O)c1ccc(C(=O)c2ccc(-n3ncc(=O)[nH]c3=O)cc2Cl)cc1
10,c1cc2cc(c1)-c1cccc(c1)C[n+]1ccc(c3ccccc31)NCCCCCCCCCCNc1cc[n+](c3ccccc13)C2
15,CSc1ccc(C(=O)c2ccc(-n3ncc(=O)[nH]c3=O)cc2Cl)cc1
21,O=C(c1ccc(Cl)cc1)c1ccc(-n2ncc(=O)[nH]c2=O)cc1Cl
23,O=C1O/C(=C/Br)CCC1c1cccc2ccccc12
24,O=C1O/C(=C/I)CCC1c1cccc2ccccc12
25,C#C/C=C1\CCC(c2cccc3ccccc23)C(=O)O1
26,O=C1O/C(=C\I)CCC1c1cccc2ccccc12
27,O=C(c1ccccc1)c1ccc(-n2ncc(=O)[nH]c2=O)cc1
28,O=c1cnn(-c2ccc(C(O)c3ccc(Cl)cc3)c(Cl)c2)c(=O)[nH]1
29,O=C(c1ccccc1)c1cc(-n2ncc(=O)[nH]c2=O)ccc1Cl
30,Cc1cc(-n2ncc(=O)[nH]c2=O)ccc1C(O)c1ccccc1
31,COc1cc2nc(N3CCN(C(=O)C4CC4c4ccccc4)CC3)nc(N)c2cc1OC
32,COc1ccc(C(=O)c2ccc(-n3ncc(=O)[nH]c3=O)cc2)cc1
33,COc1cc2nc(N3CCN(S(=O)(=O)c4cccs4)CC3)nc(N)c2cc1OC
38,c1ccc2c(c1)c1cc[n+]2Cc2ccc(cc2)-c2ccc(cc2)C[n+]2ccc(c3ccccc32)NCCCCCCCCCCN1
39,Nc1cc[n+](Cc2cccc(-c3cccc(C[n+]4ccc(N)c5ccccc54)c3)c2)c2ccccc12
46,Nc1cc[n+](Cc2ccc(CCc3ccc(C[n+]4ccc(N)c5ccccc54)cc3)cc2)c2ccccc12
47,Nc1cc[n+](Cc2ccc(/C=C\c3ccc(C[n+]4ccc(N)c5ccccc54)cc3)cc2)c2ccccc12
48,c1ccc(C[n+]2ccc(NCCCCCCCCCCNc3cc[n+](Cc4ccccc4)c4ccccc34)c3ccccc32)cc1
49,C1=C\c2ccc(cc2)C[n+]2ccc(c3ccccc32)NCCCCCCCCCCNc2cc[n+](c3ccccc23)Cc2ccc/1cc2
50,c1ccc2c(c1)c1cc[n+]2Cc2ccc(cc2)CCc2ccc(cc2)C[n+]2ccc(c3ccccc32)NCCCCCCCCCCN1
51,c1ccc2c(c1)c1cc[n+]2Cc2ccc(cc2)Cc2ccc(cc2)C[n+]2ccc(c3ccccc32)NCCCCCCCCCCN1
52,Nc1cc[n+](Cc2ccc3c(c2)Cc2cc(C[n+]4ccc(N)c5ccccc54)ccc2-3)c2ccccc12
53,Nc1cc[n+](Cc2ccc(-c3ccc(C[n+]4ccc(N)c5ccccc54)cc3)cc2)c2ccccc12
54,Cc1cc(-n2ncc(=O)[nH]c2=O)ccc1C(=O)c1ccc(Cl)cc1Cl
55,c1ccc2c(c1)c1cc[n+]2Cc2ccc3c(c2)Cc2cc(ccc2-3)C[n+]2ccc(c3ccccc32)NCCCCCCCCCCN1
56,Nc1cc[n+](Cc2ccc(Cc3ccc(C[n+]4ccc(N)c5ccccc54)cc3)cc2)c2ccccc12
58,COC(=O)/C=C/C(=O)Nc1ccc(CCCCC(=O)N2CCN(c3nc(N)c4cc(OC)c(OC)cc4n3)CC2)cc1
59,COc1cc2nc(N3CCN(C(=O)CCc4ccccc4)CC3)nc(N)c2cc1OC
60,COc1ccc(/C=C/C(=O)N2CCN(c3nc(N)c4cc(OC)c(OC)cc4n3)CC2)cc1
61,COc1cc2nc(N3CCN(C(=O)/C=C/c4cccc(F)c4)CC3)nc(N)c2cc1OC
62,COc1cc2nc(N3CCN(C(=O)C4CC5C=CC4C5)CC3)nc(N)c2cc1OC
63,C/C=C/C=C/C(=O)N1CCN(c2nc(N)c3cc(OC)c(OC)cc3n2)CC1
64,COc1cc2nc(N3CCN(C(=O)/C=C/c4ccccc4)CC3)nc(N)c2cc1OC
65,COc1cc2nc(N3CCN(C(=O)/C=C/c4ccc(F)cc4)CC3)nc(N)c2cc1OC
66,COc1cc2nc(N3CCN(C(=O)/C=C/c4ccc(Cl)cc4)CC3)nc(N)c2cc1OC
67,COc1cc2nc(N3CCN(C(=O)/C(F)=C/c4ccccc4)CC3)nc(N)c2cc1OC
68,COc1cc2nc(N3CCN(C(=O)Nc4ccccc4)CC3)nc(N)c2cc1OC
69,COC(=O)/C=C/C(=O)Nc1ccc(/C=C/C(=O)N2CCN(c3nc(N)c4cc(OC)c(OC)cc4n3)CC2)cc1
70,COc1cc2nc(N3CCN(/C(S)=N/C4CCCCC4)CC3)nc(N)c2cc1OC
71,COc1cc2nc(N3CCN(C(=O)C4=CC5C=CC4CC5)CC3)nc(N)c2cc1OC
72,COc1cc2nc(N3CCN(S(=O)(=O)c4ccc(C)cc4)CC3)nc(N)c2cc1OC
73,COc1cc2nc(N3CCN(/C(S)=N/c4ccccc4)CC3)nc(N)c2cc1OC
74,O=C(c1ccc(-n2ncc(=O)[nH]c2=O)cc1)c1cccs1
75,Cc1cc(-n2ncc(=O)[nH]c2=O)ccc1Cc1ccccc1
76,Cc1cc(-n2ncc(=O)[nH]c2=O)cc(Cl)c1C(=O)c1ccc(Cl)cc1
77,O=C(c1ccccc1)c1cccc(-n2ncc(=O)[nH]c2=O)c1
78,Cc1cc(-n2ncc(=O)[nH]c2=O)cc(C)c1C(=O)c1ccc(Cl)cc1
79,Cc1cc(Cl)ccc1C(=O)c1ccc(-n2ncc(=O)[nH]c2=O)cc1C
80,CC(=O)c1ccc(-n2ncc(=O)[nH]c2=O)cc1Cl
81,O=C(c1ccccc1)c1ccc(-n2ncc(=O)[nH]c2=O)cc1Cl
82,Cc1cc(C)c(C(=O)c2ccc(-n3ncc(=O)[nH]c3=O)cc2)c(C)c1
83,O=C(c1ccc(Cl)cc1)c1ccc(-n2ncc(=O)[nH]c2=O)cc1
84,Cc1cc(-n2ncc(=O)[nH]c2=O)ccc1C(O)c1ccc(Cl)cc1
85,c1cncc(CN2CCN(CC3CCCCN3)CC2)c1
86,c1cc(CN2CCN(CC3CCCCN3)CC2)ccn1
87,CN1CCCCC1CN1CCN(Cc2ccncc2)CC1
88,CN1CCCCC1CN1CCN(Cc2cccnc2)CC1
89,COc1cc2nc(N3CCN(C(=O)/C=C/c4ccc(Br)cc4)CC3)nc(N)c2cc1OC
90,CCCC(=O)c1ccc(-n2ncc(=O)[nH]c2=O)cc1
91,CC(=O)c1ccc(-n2ncc(=O)[nH]c2=O)cc1
92,O=c1cnn(-c2ccc(-c3ccc4oc5ccc(Cl)cc5c(=O)c4c3)cc2)c(=O)[nH]1
93,COc1cc2nc(N3CCN(C(=O)c4ccc(N=C=S)c(I)c4)CC3)nc(N)c2cc1OC
94,COc1cc2nc(N3CCN(/C(S)=N/c4ccc(NC(=S)N5CC5)cc4)CC3)nc(N)c2cc1OC
95,CN1CCC[C@H]1CN1CCN(Cc2ccncc2)CC1
96,CN1CCC[C@H]1CN1CCN(Cc2cccnc2)CC1
97,COc1cc2nc(N3CCN(C(=O)c4ccco4)CC3)nc(N)c2cc1OC
98,COC(=O)/C=C/C=C/C(=O)N1CCN(c2nc(N)c3cc(OC)c(OC)cc3n2)CC1
99,COc1cc2nc(N3CCN(C(=O)C4OC4c4ccccc4)CC3)nc(N)c2cc1OC
100,COc1cc2nc(N3CCN(C(=O)/C=C/C(=O)c4ccccc4)CC3)nc(N)c2cc1OC
101,COc1cc2nc(N3CCN(C(=O)c4ccc5ccccc5c4)CC3)nc(N)c2cc1OC
102,COc1cc2nc(N3CCN(/C(S)=N/c4ccc(N=[N+]=[N-])cc4)CC3)nc(N)c2cc1OC
103,COc1cc2nc(N3CCN(C(=O)c4cccc(CCl)c4)CC3)nc(N)c2cc1OC
104,COc1cc2nc(N3CCN(C(=O)/C=C/c4ccc(N=C=S)cc4)CC3)nc(N)c2cc1OC
105,COc1cc2nc(N3CCN(C(=O)/C=C/c4ccc(NC(=O)CBr)cc4)CC3)nc(N)c2cc1OC
106,O=c1oc2c(O)c(O)ccc2c2ccc(O)cc12
107,O=c1oc2ccccc2c2ccccc12
108,O=c1oc2c(O)c(O)ccc2c2ccccc12
109,O=c1oc2ccccc2c2cc(O)c(O)cc12
110,O=c1oc2cc(O)c(O)cc2c2cc(O)c(O)cc12
112,COc1cc2nc(N3CCN(C(=O)COc4ccccc4)CC3)nc(N)c2cc1OC
114,C=C(C=O)C[C@H]1C[C@H](O)[C@]2(C)O[C@@H]3C[C@@H]4O[C@@H]5C[C@]6(C)O[C@]7(C)CC[C@@H]8O[C@@H]9C[C@]%10(C)O[C@@H]%11C(C)=CC(=O)O[C@H]%11C[C@H]%10O[C@H]9C[C@@H](C)[C@H]8O[C@H]7C[C@H]6O[C@@]5(C)C/C=C\[C@H]4O[C@H]3C[C@H]2O1
115,CN1CCC[C@H]1c1cccnc1
116,c1cncc([C@@H]2CCCN2)c1
117,CCC(C)(C)NC(=O)OCC1CN(C(=O)c2cc(OC)c(OC)c(OC)c2)CCN1C(=O)c1cc(OC)c(OC)c(OC)c1
118,COc1cc(C(=O)N2CCN(C(=O)c3cc(OC)c(OC)c(OC)c3)C(COC(=O)NC(C)CC(C)C)C2)cc(OC)c1OC
119,CCCC(C)NC(=O)OCC1CN(C(=O)c2cc(OC)c(OC)c(OC)c2)CCN1C(=O)c1cc(OC)c(OC)c(OC)c1
120,O=C(C1CCCCN1)N1CCN(Cc2cccnc2)CC1
121,c1cncc(CN2CCN(C[C@@H]3CCCN3)CC2)c1
122,c1cc(CN2CCN(C[C@@H]3CCCN3)CC2)ccn1
123,O=c1oc2c(O)c(O)ccc2c2cc(F)ccc12
(100 rows)
